aerial_image_00000023B1.png,178,327,235,389
aerial_image_00000005Q1.png,252,195,285,241
aerial_image_00000005Q1.png,228,119,260,151
aerial_image_00034764G1.png,391,319,408,339
aerial_image_00000109B1.png,277,192,297,223
aerial_image_00000083Z1.png,284,258,317,285
aerial_image_00000119P1.png,328,201,382,238
aerial_image_00000142Q2.png,186,335,219,375
aerial_image_00083152W1.png,189,123,215,166
aerial_image_00000147Z1.png,118,264,152,292
aerial_image_00000165M2.png,334,238,356,287
aerial_image_00000105H6.png,184,304,237,358
aerial_image_00000042B2.png,255,188,316,218
aerial_image_00000213Z1.png,125,230,189,260
aerial_image_00000163Q2.png,184,290,255,315
aerial_image_00000055Z1.png,130,246,185,303
aerial_image_00000222Q2.png,326,32,358,58
aerial_image_00000068M1.png,181,366,211,398
aerial_image_00000014V1.png,169,241,208,283
aerial_image_00017362H7.png,300,342,324,361
aerial_image_00000048H1.png,284,327,315,360
aerial_image_00000137M2.png,232,328,299,360
aerial_image_00000104Q2.png,292,237,306,264
aerial_image_00000057H6.png,181,161,208,188
aerial_image_00013017E1.png,266,251,281,264
aerial_image_00000136Z1.png,238,183,287,205
aerial_image_00012812W3.png,276,324,294,365
aerial_image_00000054N1.png,268,298,339,338
aerial_image_00000125R1.png,276,220,297,242
aerial_image_00000163H1.png,318,124,349,157
aerial_image_00018626H3.png,268,139,324,164
aerial_image_00000008X1.png,301,225,358,250
aerial_image_00000220H3.png,336,341,371,367
aerial_image_00018679F5.png,213,135,234,176
aerial_image_00000167H7.png,250,307,296,345
aerial_image_00013749H1.png,239,329,269,355
aerial_image_00013749H1.png,192,353,220,371
aerial_image_00000213P1.png,250,329,286,348
aerial_image_00013179D1.png,269,169,313,200
aerial_image_00002350K1.png,359,290,380,319
aerial_image_00000157H1.png,166,199,191,223
aerial_image_00000049Q1.png,230,200,260,246
aerial_image_00000096Q2.png,201,319,226,362
aerial_image_00000216P1.png,282,307,317,334
aerial_image_00000186M1.png,251,321,295,355
aerial_image_00017344J1.png,248,133,268,163
aerial_image_00000193Q1.png,200,116,234,171
aerial_image_00009129H7.png,220,325,246,357
aerial_image_00009129H7.png,113,308,133,344
aerial_image_00002426J4.png,209,313,238,338
aerial_image_00000022Z1.png,196,217,248,250
aerial_image_00000083B3.png,322,143,390,234
aerial_image_00000019Q2.png,173,128,213,192
aerial_image_00000020Q2.png,212,117,285,190
aerial_image_00000020Q2.png,272,132,311,167
aerial_image_00000064Z1.png,349,201,390,245
aerial_image_00000145P1.png,144,82,199,110
aerial_image_00000138M2.png,304,138,349,160
aerial_image_00000138M2.png,373,76,423,103
aerial_image_00000387E1.png,121,369,161,438
aerial_image_00000047M1.png,326,204,355,232
aerial_image_00016546J1.png,335,102,360,144
aerial_image_00013493L1.png,176,218,234,244
aerial_image_00000131B1.png,318,187,343,236
aerial_image_00000143H1.png,163,321,197,357
aerial_image_00000028J4.png,195,234,218,261
aerial_image_00000019B1.png,230,148,254,188
aerial_image_00000152Z1.png,110,312,157,346
aerial_image_00000123Q2.png,219,288,304,323
aerial_image_00000004J4.png,274,253,304,287
aerial_image_00000004J4.png,274,253,304,287
aerial_image_00000134M2.png,207,367,245,398
aerial_image_00000064B1.png,363,226,402,287
aerial_image_00000166Q1.png,185,188,208,223
aerial_image_00000085B3.png,176,148,203,192
aerial_image_00000107T3.png,340,94,366,142
aerial_image_00001381F3.png,115,370,142,421
aerial_image_00000215Z1.png,296,280,318,311
aerial_image_00016166T2.png,268,335,321,371
aerial_image_00000020B1.png,317,296,384,366
aerial_image_00000196T1.png,139,329,160,370
aerial_image_00002366J1.png,163,280,200,328
aerial_image_00026025J1.png,291,320,309,338
aerial_image_00000037Q1.png,211,235,257,293
aerial_image_00000261B2.png,334,205,358,232
aerial_image_00000013Z1.png,131,204,151,237
aerial_image_00000177B1.png,132,253,154,279
aerial_image_00000089B2.png,312,259,348,291
aerial_image_00000225M1.png,354,127,383,190
aerial_image_00000182B2.png,217,214,244,241
aerial_image_00020772L1.png,407,366,434,400
aerial_image_00020772L1.png,171,143,197,182
aerial_image_00000046Z1.png,113,307,169,358
aerial_image_00000009H6.png,307,267,344,294
aerial_image_00000159V1.png,291,147,317,175
aerial_image_00000159V1.png,236,114,258,138
aerial_image_00000219H7.png,248,300,286,336
aerial_image_00022426T1.png,235,135,266,155
aerial_image_00022426T1.png,414,216,443,237
aerial_image_00022426T1.png,333,305,359,328
aerial_image_00000065P1.png,367,227,441,263
aerial_image_00000112Z1.png,167,234,206,270
aerial_image_00000112Z1.png,98,122,138,158
aerial_image_00000041V1.png,350,157,394,191
aerial_image_00000115Z1.png,297,168,326,235
aerial_image_00012997D1.png,176,262,207,297
aerial_image_00022078D1.png,305,289,339,318
aerial_image_00002949J1.png,318,387,353,426
aerial_image_00000030Q2.png,123,255,196,388
aerial_image_00000096U2.png,376,400,399,428
aerial_image_00000096U2.png,216,66,241,101
aerial_image_00000200P1.png,335,155,394,187
aerial_image_00000302H1.png,289,215,314,246
aerial_image_00000124Z1.png,219,178,237,206
aerial_image_00000217Q1.png,181,225,214,255
aerial_image_00000018J4.png,192,175,208,190
aerial_image_00000322K2.png,218,221,264,255
aerial_image_00000021X1.png,300,304,344,347
aerial_image_00000174H5.png,195,192,225,223
aerial_image_00000201Q1.png,311,160,335,190
aerial_image_00000182M1.png,178,110,231,132
aerial_image_00015533C1.png,254,158,280,184
aerial_image_00018554E1.png,146,290,169,310
aerial_image_00000096T3.png,316,245,338,276
aerial_image_00025996H3.png,355,311,379,338
aerial_image_00000182H3.png,268,244,289,262
aerial_image_00000196P1.png,182,249,239,271
aerial_image_00000005H1.png,138,318,171,340
aerial_image_00000110M2.png,151,133,195,169
aerial_image_00000010Q1.png,156,295,209,368
aerial_image_00000187B2.png,173,249,226,272
aerial_image_00002957H7.png,214,286,267,313
aerial_image_00000237B3.png,224,383,244,438
aerial_image_00000031F5.png,204,206,291,331
aerial_image_00000035T3.png,152,228,172,245
aerial_image_00000035T3.png,151,257,170,275
aerial_image_00033266K2.png,225,243,293,266
aerial_image_00000106Z1.png,129,322,168,366
aerial_image_00000095P1.png,151,137,189,155
aerial_image_00000174B2.png,233,386,267,410
aerial_image_00013313D1.png,111,248,153,289
aerial_image_00000140H3.png,216,370,252,395
aerial_image_00000145J1.png,260,391,297,431
aerial_image_00026480H3.png,272,273,318,295
aerial_image_00000244R1.png,185,310,212,378
aerial_image_00000083M1.png,210,176,240,213
aerial_image_00002195H5.png,343,303,375,332
aerial_image_00011195D1.png,308,311,364,342
aerial_image_00000098B2.png,125,283,236,355
aerial_image_00000017B1.png,91,85,183,241
aerial_image_00000204Z1.png,185,285,212,330
aerial_image_00025644H7.png,140,220,162,268
aerial_image_00000048H7.png,234,160,269,179
aerial_image_00000141Z1.png,175,119,206,142
aerial_image_00000130T1.png,164,242,185,295
aerial_image_00028804H3.png,282,193,327,216
aerial_image_00015347C1.png,259,276,291,311
aerial_image_00000154M2.png,316,166,344,220
aerial_image_00000259Q1.png,134,158,147,185
aerial_image_00000072B3.png,219,262,245,295
aerial_image_00000071T3.png,269,181,294,218
aerial_image_00000303H3.png,240,233,279,260
aerial_image_00000094M2.png,340,130,388,149
aerial_image_00000173N1.png,347,211,377,242
aerial_image_00000081B2.png,127,293,144,311
aerial_image_00000160M1.png,197,324,232,373
aerial_image_00022898T2.png,161,271,181,300
aerial_image_00000117H6.png,328,302,382,335
aerial_image_00020562K1.png,178,114,195,146
aerial_image_00020562K1.png,121,130,155,155
aerial_image_00021653S1.png,216,259,275,279
aerial_image_00025801F5.png,273,140,295,185
aerial_image_00000076Q2.png,337,189,381,236
aerial_image_00010310V1.png,248,256,271,294
aerial_image_00004120T2.png,362,310,415,351
aerial_image_00000191N1.png,339,217,370,256
aerial_image_00000023M2.png,330,160,376,249
aerial_image_00000247Q1.png,53,75,72,103
aerial_image_00000246N1.png,120,264,143,286
aerial_image_00019199T2.png,175,356,200,369
aerial_image_00000032B2.png,210,157,239,198
aerial_image_00000174Q1.png,356,172,386,230
aerial_image_00016745D1.png,314,235,328,263
aerial_image_00000314L1.png,200,298,237,345
aerial_image_00000190M2.png,187,210,238,235
aerial_image_00000379S1.png,219,157,255,176
aerial_image_00000170M1.png,160,271,182,303
aerial_image_00000233B3.png,193,150,225,179
aerial_image_00000076T3.png,204,307,226,337
aerial_image_00000172M2.png,140,190,175,214
aerial_image_00000045M1.png,223,270,266,297
aerial_image_00000267P1.png,227,144,275,166
aerial_image_00083361W3.png,260,327,274,352
aerial_image_00005387J4.png,139,264,160,285
aerial_image_00000164B2.png,323,217,369,248
aerial_image_00002995J4.png,213,359,240,381
aerial_image_00000040J4.png,162,448,191,488
aerial_image_00000059R1.png,375,300,410,344
aerial_image_00000172Q2.png,280,285,308,310
aerial_image_00000030Q1.png,251,117,328,188
aerial_image_00000096B2.png,191,222,242,246
aerial_image_00018360J4.png,289,121,323,137
aerial_image_00000170B1.png,144,142,166,186
aerial_image_00000060T2.png,221,336,266,366
aerial_image_00000162M1.png,234,84,282,145
aerial_image_00000183M1.png,307,242,371,289
aerial_image_00000057Q1.png,324,136,358,166
aerial_image_00000151L2.png,92,114,145,183
aerial_image_00000167Q1.png,354,310,397,361
aerial_image_00000155M1.png,177,180,210,203
aerial_image_00000082M2.png,346,287,381,317
aerial_image_00000125M1.png,225,349,255,416
aerial_image_00000174Q2.png,179,238,203,268
aerial_image_00031042H6.png,307,264,345,293
aerial_image_00000066Q1.png,182,29,213,92
aerial_image_00000174P1.png,244,207,278,234
aerial_image_00000079H5.png,133,249,170,276
aerial_image_00000132B3.png,212,175,237,199
aerial_image_00015679J4.png,314,261,350,283
aerial_image_00000189H7.png,309,201,342,224
aerial_image_00000236M1.png,180,197,210,230
aerial_image_00000162H7.png,122,419,157,454
aerial_image_00000021M1.png,232,224,283,273
aerial_image_00019321J4.png,244,279,297,347
aerial_image_00005215K2.png,240,212,262,249
aerial_image_00000101B2.png,212,382,242,400
aerial_image_00000101B2.png,44,236,70,263
aerial_image_00000143H3.png,137,178,174,197
aerial_image_00000026B2.png,180,280,271,327
aerial_image_00000233D1.png,269,244,297,280
aerial_image_00000035Q1.png,312,66,336,99
aerial_image_00000151H6.png,232,237,280,268
aerial_image_00000094B3.png,326,180,374,216
aerial_image_00000132M2.png,263,199,294,229
aerial_image_00000230R1.png,263,145,293,173
aerial_image_00000244M2.png,255,352,273,390
aerial_image_00000176B1.png,224,291,263,319
aerial_image_00007568H7.png,283,154,319,186
aerial_image_00000040W3.png,150,197,176,256
aerial_image_00006325H5.png,356,368,388,393
aerial_image_00000111P1.png,115,323,208,377
aerial_image_00000215M1.png,270,190,310,216
aerial_image_00014829H7.png,289,186,328,210
aerial_image_00000074B2.png,230,301,262,320
aerial_image_00000153Q2.png,275,134,312,198
aerial_image_00000087H6.png,279,159,309,180
aerial_image_00000003T3.png,305,207,357,302
aerial_image_00000028H7.png,182,263,217,289
aerial_image_00000209M1.png,350,211,384,245
aerial_image_00000183Q1.png,128,127,160,179
aerial_image_00000014Q2.png,232,144,290,189
aerial_image_00000145H1.png,318,333,360,363
aerial_image_00000037P1.png,178,391,226,429
aerial_image_00000037P1.png,190,285,242,323
aerial_image_00000177M1.png,320,189,357,204
aerial_image_00000144Q2.png,304,338,335,369
aerial_image_00000062H7.png,270,298,301,319
aerial_image_00000198H3.png,330,120,374,166
aerial_image_00017987H1.png,163,231,188,265
aerial_image_00000230C1.png,180,231,222,269
aerial_image_00000212J5.png,179,173,203,212
aerial_image_00000061B1.png,361,236,390,275
aerial_image_00000019T3.png,177,295,204,356
aerial_image_00000057B3.png,201,188,224,231
aerial_image_00006554A1.png,220,148,238,163
aerial_image_00000204H7.png,270,187,299,221
aerial_image_00000059T3.png,328,197,358,251
aerial_image_00000059T3.png,460,278,486,334
aerial_image_00000188B1.png,222,236,241,260
aerial_image_00000038P1.png,100,250,161,294
aerial_image_00000179M1.png,187,151,241,177
aerial_image_00000306D1.png,350,144,383,180
aerial_image_00000041Q2.png,351,144,396,164
aerial_image_00005382H1.png,230,316,255,353
aerial_image_00001094H7.png,329,337,373,368
aerial_image_00000257P1.png,91,140,145,169
aerial_image_00000257P1.png,234,121,283,143
aerial_image_00000081H1.png,226,277,259,311
aerial_image_00000221Q2.png,166,339,204,363
aerial_image_00000258M2.png,165,351,194,377
aerial_image_00000193P1.png,314,239,377,277
aerial_image_00000022B1.png,148,227,210,298
aerial_image_00000064B2.png,115,197,148,227
aerial_image_00000159M1.png,322,342,346,382
aerial_image_00000222M1.png,302,238,330,286
aerial_image_00009180H7.png,138,266,187,306
aerial_image_00000111M2.png,292,192,319,221
aerial_image_00000218H7.png,243,196,284,217
aerial_image_00000159Q1.png,197,77,231,98
aerial_image_00000086B2.png,227,293,284,312
aerial_image_00000066T3.png,210,247,246,278
aerial_image_00000053Q1.png,244,130,274,181
aerial_image_00000255K1.png,179,186,203,209
aerial_image_00000255K1.png,211,255,239,285
aerial_image_00000151M2.png,194,285,228,319
aerial_image_00000002B3.png,232,92,295,172
aerial_image_00000146Q2.png,272,152,296,196
aerial_image_00000065M2.png,296,189,331,243
aerial_image_00000112B1.png,349,314,373,364
aerial_image_00003729L2.png,287,252,314,283
aerial_image_00012404G1.png,73,184,94,213
aerial_image_00000064Q2.png,143,225,173,272
aerial_image_00000021P1.png,345,293,393,325
aerial_image_00001430D1.png,355,267,392,295
aerial_image_00000270E1.png,327,262,349,282
aerial_image_00000259P1.png,290,344,326,382
aerial_image_00000161H5.png,162,245,198,279
aerial_image_00000134P1.png,342,331,390,358
aerial_image_00000070D1.png,144,138,177,183
aerial_image_00000084Q1.png,209,413,249,441
aerial_image_00000086H1.png,106,344,175,378
aerial_image_00000082T2.png,159,189,198,221
aerial_image_00000091B2.png,361,77,378,133
aerial_image_00000209Q1.png,144,313,167,358
aerial_image_00000080Q2.png,249,176,285,220
aerial_image_00000052M2.png,307,290,347,324
aerial_image_00000166Q2.png,374,121,430,150
aerial_image_00016536J4.png,351,150,390,203
aerial_image_00000107B1.png,199,278,219,296
aerial_image_00033971H1.png,406,253,443,275
aerial_image_00011647F4.png,464,186,481,205
aerial_image_00000159P1.png,282,182,332,210
aerial_image_00000005B1.png,250,191,278,233
aerial_image_00000451H3.png,140,268,202,297
aerial_image_00000143H5.png,261,230,292,263
aerial_image_00000053M1.png,339,132,378,167
aerial_image_00000009M1.png,108,234,198,281
aerial_image_00000017H5.png,140,171,175,216
aerial_image_00000247P1.png,287,200,366,239
aerial_image_00000088B1.png,164,322,183,341
aerial_image_00000007M1.png,356,131,408,166
aerial_image_00018683F5.png,167,373,184,389
aerial_image_00006280J1.png,240,341,270,368
aerial_image_00000038Q1.png,165,308,209,354
aerial_image_00000159B1.png,259,254,282,287
aerial_image_00000333D1.png,113,297,158,346
aerial_image_00016869D1.png,168,206,184,243
aerial_image_00000123Q1.png,143,180,170,213
aerial_image_00000039H6.png,283,155,307,178
aerial_image_00000167R1.png,125,205,149,248
aerial_image_00000019H6.png,359,146,383,172
aerial_image_00000056Q2.png,175,197,205,224
aerial_image_00000144Q1.png,227,349,258,378
aerial_image_00000239M1.png,232,296,297,324
aerial_image_00000033Q2.png,113,117,165,158
aerial_image_00022029L1.png,230,141,250,174
aerial_image_00000128Z1.png,278,259,311,319
aerial_image_00000018Q1.png,123,297,161,339
aerial_image_00030845X1.png,127,168,161,212
aerial_image_00000241M1.png,350,296,383,322
aerial_image_00000161Z1.png,124,241,154,281
aerial_image_00010768D1.png,361,284,394,319
aerial_image_00000095H6.png,218,284,258,311
aerial_image_00000274Q1.png,374,154,393,179
aerial_image_00000100M2.png,249,110,280,161
aerial_image_00000102B1.png,135,243,161,286
aerial_image_00000117W3.png,227,309,262,332
aerial_image_00000102Q2.png,269,167,299,222
aerial_image_00000003B1.png,259,127,294,181
aerial_image_00000007J4.png,125,265,183,343
aerial_image_00000193B2.png,237,348,263,365
aerial_image_00000013B2.png,264,362,311,388
aerial_image_00000164M2.png,255,363,281,397
aerial_image_00000145B1.png,187,144,214,185
aerial_image_00000042J1.png,273,264,294,285
aerial_image_00003103J4.png,331,307,371,341
aerial_image_00000164H3.png,181,268,208,293
aerial_image_00000239Q1.png,136,111,156,157
aerial_image_00000094B2.png,204,339,221,374
aerial_image_00000013T2.png,244,161,302,211
aerial_image_00000196H6.png,138,278,177,310
aerial_image_00000035J4.png,157,231,217,254
aerial_image_00000028J1.png,179,87,209,129
aerial_image_00000249A1.png,282,228,312,266
aerial_image_00001424D1.png,310,319,335,363
aerial_image_00000101Q2.png,143,251,175,281
aerial_image_00000135H5.png,171,61,202,113
aerial_image_00000168B1.png,482,367,506,404
aerial_image_00000189N1.png,328,242,376,264
aerial_image_00016073S1.png,201,222,241,269
aerial_image_00000042Q2.png,290,230,324,256
aerial_image_00000110B3.png,304,332,361,362
aerial_image_00000222P1.png,287,306,329,334
aerial_image_00000170V1.png,329,343,348,370
aerial_image_00000125J4.png,351,282,390,318
aerial_image_00000178P1.png,322,323,354,355
aerial_image_00020384V1.png,310,273,343,299
aerial_image_00018477D1.png,361,217,386,251
aerial_image_00013438E1.png,361,297,386,321
aerial_image_00000230P1.png,141,211,172,230
aerial_image_00000276Z1.png,352,310,413,336
aerial_image_00000028Z1.png,335,242,379,282
aerial_image_00000174M2.png,223,353,247,379
aerial_image_00000146Z1.png,362,246,406,277
aerial_image_00000187N1.png,290,154,336,179
aerial_image_00000016Q1.png,326,112,362,146
aerial_image_00000064M1.png,172,274,211,303
aerial_image_00034498H7.png,116,269,143,285
aerial_image_00004322F4.png,337,163,363,181
aerial_image_00000179Q1.png,232,234,251,277
aerial_image_00000122J5.png,235,275,267,307
aerial_image_00003454A1.png,202,257,227,286
aerial_image_00003163H5.png,243,100,288,124
aerial_image_00000016T3.png,194,204,231,246
aerial_image_00000196M1.png,172,122,206,149
aerial_image_00000140Z1.png,221,174,315,223
aerial_image_00000152Q1.png,118,288,152,312
aerial_image_00002804N2.png,258,153,323,175
aerial_image_00004944S1.png,152,268,189,306
aerial_image_00000016P1.png,264,222,298,269
aerial_image_00000024Z1.png,382,234,420,282
aerial_image_00018388J1.png,264,292,290,317
aerial_image_00000200Q2.png,287,148,303,172
aerial_image_00000273P1.png,149,182,193,207
aerial_image_00000089Z1.png,362,365,391,422
aerial_image_00000108M2.png,321,308,350,352
aerial_image_00000016M1.png,163,256,215,288
aerial_image_00000125M2.png,259,124,299,152
aerial_image_00000227B3.png,190,88,222,123
aerial_image_00000014T3.png,126,123,153,148
aerial_image_00000160D1.png,316,334,357,362
aerial_image_00005403V1.png,193,184,215,207
aerial_image_00000143A1.png,273,346,294,377
aerial_image_00000161M2.png,140,299,188,344
aerial_image_00000182W3.png,294,291,319,314
aerial_image_00000261P1.png,369,233,381,257
aerial_image_00015149C1.png,305,250,371,288
aerial_image_00000086P1.png,256,202,323,230
aerial_image_00000086P1.png,322,413,369,442
aerial_image_00000260B3.png,119,247,143,279
aerial_image_00025597H5.png,294,198,323,222
aerial_image_00002987J1.png,348,147,372,181
aerial_image_00000032Q1.png,260,268,346,355
aerial_image_00000200M1.png,266,125,301,157
aerial_image_00000221M2.png,315,145,365,171
aerial_image_00000086B3.png,231,122,254,162
aerial_image_00000235W3.png,260,276,284,332
aerial_image_00000235W3.png,407,117,429,162
aerial_image_00014747A1.png,306,130,336,169
aerial_image_00000118P1.png,258,72,294,97
aerial_image_00000074B1.png,322,259,339,290
aerial_image_00013212D1.png,159,189,182,238
aerial_image_00000129Q1.png,237,193,268,227
aerial_image_00000176N1.png,113,272,168,295
aerial_image_00000043Q1.png,135,66,166,103
aerial_image_00000161Q1.png,348,303,381,350
aerial_image_00000210M1.png,157,253,178,274
aerial_image_00000190Q1.png,186,288,209,330
aerial_image_00000006B3.png,369,124,391,173
aerial_image_00000228M1.png,234,220,266,246
aerial_image_00000234Z1.png,82,105,114,149
aerial_image_00000234Z1.png,251,112,292,156
aerial_image_00000069Q1.png,306,324,338,394
aerial_image_00000128P1.png,234,231,298,259
aerial_image_00000007T3.png,324,188,349,214
aerial_image_00000183N1.png,227,208,276,239
aerial_image_00000042J4.png,167,279,191,322
aerial_image_00017872H1.png,225,286,255,316
aerial_image_00000116B1.png,141,322,173,341
aerial_image_00000023B3.png,412,177,446,216
aerial_image_00000037H7.png,185,203,243,234
aerial_image_00000037H7.png,185,203,243,234
aerial_image_00000153M2.png,347,132,380,171
aerial_image_00000137J4.png,408,445,448,467
aerial_image_00000055W4.png,406,257,428,290
aerial_image_00000373S1.png,300,359,334,405
aerial_image_00000184P1.png,135,268,156,288
aerial_image_00000258P1.png,239,308,287,331
aerial_image_00000051P1.png,95,277,164,320
aerial_image_00000189P1.png,115,105,148,146
aerial_image_00000238D1.png,182,239,215,284
aerial_image_00000016Q2.png,135,182,172,221
aerial_image_00000083J4.png,203,255,231,280
aerial_image_00000412H3.png,308,125,356,171
aerial_image_00000147U6.png,350,221,376,246
aerial_image_00000218M1.png,291,165,324,199
aerial_image_00000203M1.png,221,254,244,274
aerial_image_00000271Q2.png,157,165,179,188
aerial_image_00000067J4.png,172,162,210,207
aerial_image_00000267B3.png,114,408,137,439
aerial_image_00000169P1.png,233,232,261,260
aerial_image_00000071P1.png,340,264,406,296
aerial_image_00000011H6.png,301,315,363,348
aerial_image_00000197M2.png,335,227,367,282
aerial_image_00000067Z1.png,368,275,395,323
aerial_image_00000164Q2.png,339,288,361,317
aerial_image_00000258M1.png,278,126,308,150
aerial_image_00000128Q2.png,125,104,164,136
aerial_image_00000060T3.png,270,188,311,243
aerial_image_00000165B1.png,192,203,219,234
aerial_image_00018593H7.png,348,240,376,262
aerial_image_00018593H7.png,337,221,354,245
aerial_image_00000019Q1.png,152,304,193,342
aerial_image_00000069M1.png,186,242,217,279
aerial_image_00000093M2.png,268,150,301,186
aerial_image_00000099B2.png,190,196,258,221
aerial_image_00013275T2.png,213,134,232,154
aerial_image_00003168H3.png,330,342,360,367
aerial_image_00000197B2.png,194,240,233,269
aerial_image_00000002Q2.png,149,132,203,229
aerial_image_00000026B1.png,274,217,313,248
aerial_image_00000233M1.png,354,218,392,241
aerial_image_00000155Q1.png,291,296,313,334
aerial_image_00000129Z1.png,192,187,242,235
aerial_image_00000149M1.png,186,326,208,359
aerial_image_00000113V1.png,193,216,230,254
aerial_image_00000307E1.png,388,215,433,291
aerial_image_00001445D1.png,304,160,326,187
aerial_image_00015219L2.png,367,229,382,250
aerial_image_00000180M1.png,119,347,165,377
aerial_image_00000067F5.png,277,188,297,232
aerial_image_00000157M2.png,216,159,243,185
aerial_image_00033546F4.png,312,143,339,178
aerial_image_00000094Q1.png,145,226,168,286
aerial_image_00000210Z1.png,146,244,174,279
aerial_image_00033804A1.png,413,185,441,217
aerial_image_00000085B1.png,323,337,345,381
aerial_image_00000093Q2.png,235,344,258,377
aerial_image_00000004P1.png,283,186,315,220
aerial_image_00000228J1.png,143,215,182,251
aerial_image_00020564D1.png,180,137,209,172
aerial_image_00000089B1.png,256,377,274,414
aerial_image_00000018T3.png,108,204,158,251
aerial_image_00000018T3.png,218,188,244,240
aerial_image_00000065B3.png,127,347,155,374
aerial_image_00000186H3.png,130,199,175,228
aerial_image_00021933T2.png,127,229,145,279
aerial_image_00016064V1.png,339,316,361,345
aerial_image_00000158B2.png,264,157,317,183
aerial_image_00000011B2.png,273,191,326,230
aerial_image_00000204M1.png,153,298,178,333
aerial_image_00000215B1.png,92,211,134,250
aerial_image_00013181D1.png,313,217,361,262
aerial_image_00008840J5.png,368,256,396,280
aerial_image_00000105T3.png,267,319,294,353
aerial_image_00000124B1.png,289,299,315,331
aerial_image_00000056Q1.png,302,171,346,212
aerial_image_00021994C1.png,298,272,319,303
aerial_image_00000271B2.png,234,211,270,243
aerial_image_00033791F3.png,117,384,135,404
aerial_image_00000073Q1.png,240,255,284,290
aerial_image_00018846N2.png,129,324,154,340
aerial_image_00034760N2.png,289,347,333,365
aerial_image_00000172Z1.png,265,254,290,284
aerial_image_00000069Z1.png,225,353,265,383
aerial_image_00000199T2.png,352,290,373,318
aerial_image_00000203B2.png,117,314,159,355
aerial_image_00000245Q1.png,163,221,190,260
aerial_image_00000153Q1.png,238,132,267,156
aerial_image_00006283J4.png,162,191,189,227
aerial_image_00000266B3.png,229,368,253,392
aerial_image_00012747D1.png,409,104,445,123
aerial_image_00000043B1.png,278,229,295,254
aerial_image_00000245Q2.png,203,246,262,282
aerial_image_00000169T1.png,290,232,306,264
aerial_image_00000002B2.png,163,175,221,213
aerial_image_00000199M2.png,264,397,285,413
aerial_image_00000190Z1.png,168,184,201,210
aerial_image_00000107B2.png,249,138,275,173
aerial_image_00000107B2.png,301,175,323,208
aerial_image_00000206M1.png,211,139,238,162
aerial_image_00000149P1.png,276,435,317,462
aerial_image_00000148H3.png,159,166,197,194
aerial_image_00000018P1.png,83,276,166,304
aerial_image_00000010M1.png,270,113,322,170
aerial_image_00000329D1.png,284,265,317,322
aerial_image_00000063B3.png,135,209,165,246
aerial_image_00000050T3.png,365,316,387,347
aerial_image_00000119J1.png,268,239,297,264
aerial_image_00007069F5.png,119,160,157,190
aerial_image_00000196L1.png,219,205,237,246
aerial_image_00000166L1.png,300,168,362,289
aerial_image_000090Q1.png,232,166,291,236
aerial_image_00000233Z1.png,227,294,254,324
aerial_image_00000184B2.png,207,225,224,260
aerial_image_00012573K2.png,132,207,157,240
aerial_image_00021746X1.png,277,210,298,240
aerial_image_00000003M1.png,267,213,330,269
aerial_image_00000076P1.png,208,123,265,148
aerial_image_00000148Q1.png,112,240,151,286
aerial_image_00000220D1.png,184,175,223,213
aerial_image_00000140M2.png,317,314,342,364
aerial_image_00000063M2.png,189,353,234,380
aerial_image_00034780N2.png,247,265,294,291
aerial_image_00000025B1.png,298,175,327,219
aerial_image_00000199B2.png,385,128,431,161
aerial_image_00000110B1.png,329,161,353,181
aerial_image_00000169R1.png,274,239,290,267
aerial_image_00017798K1.png,265,334,289,354
aerial_image_00000009Q1.png,282,336,360,402
aerial_image_00000083B1.png,140,179,173,234
aerial_image_00020359X1.png,344,347,364,386
aerial_image_00000050Z1.png,258,285,310,349
aerial_image_00000050Z1.png,314,406,351,440
aerial_image_00000050Z1.png,414,411,462,456
aerial_image_00000002P1.png,98,383,151,403
aerial_image_00000211H6.png,111,211,161,248
aerial_image_00007577H3.png,281,186,311,221
aerial_image_00000171M1.png,317,246,354,263
aerial_image_00002953H7.png,171,229,217,257
aerial_image_00000046H6.png,278,360,318,385
aerial_image_00000046H6.png,278,360,318,385
aerial_image_00000258C1.png,244,235,272,282
aerial_image_00000050Q1.png,110,161,148,219
aerial_image_00000062B1.png,139,344,164,378
aerial_image_00000210M2.png,323,207,348,234
aerial_image_00000273Z1.png,405,318,460,373
aerial_image_00000273Z1.png,306,154,340,192
aerial_image_00000080B2.png,70,196,105,220
aerial_image_00003098J4.png,137,122,184,157
aerial_image_00018529E1.png,229,200,261,239
aerial_image_00003170H3.png,350,336,397,365
aerial_image_00000048B2.png,192,179,214,196
aerial_image_00000106Q1.png,364,356,398,408
aerial_image_00000031Q2.png,338,290,369,326
aerial_image_00000122H5.png,249,250,305,282
aerial_image_00009181H7.png,199,343,226,371
aerial_image_00000020M2.png,169,192,221,234
aerial_image_00000192B2.png,243,155,297,179
aerial_image_00000333K2.png,244,220,277,254
aerial_image_00000241Q2.png,254,121,283,146
aerial_image_00000374S1.png,285,170,317,201
aerial_image_00000168Z1.png,237,187,275,205
aerial_image_00000105B1.png,359,123,397,143
aerial_image_00000096M2.png,110,217,154,272
aerial_image_00000056Z1.png,330,171,416,206
aerial_image_00013791H7.png,147,302,173,326
aerial_image_00000333J5.png,148,265,178,287
aerial_image_00000085W2.png,268,247,288,281
aerial_image_00000158Q2.png,318,215,354,266
aerial_image_00000045W1.png,123,206,142,238
aerial_image_00000131Z1.png,219,244,296,271
aerial_image_00000038B2.png,348,344,391,371
aerial_image_00000102H7.png,360,179,389,203
aerial_image_00034615V1.png,351,187,371,210
aerial_image_00000108B2.png,157,359,219,386
aerial_image_00000144P1.png,235,322,265,344
aerial_image_00000127Z1.png,297,264,330,293
aerial_image_00000209P1.png,342,120,391,150
aerial_image_00000019B2.png,184,278,262,326
aerial_image_00000223P1.png,243,133,304,167
aerial_image_00000252M1.png,155,146,189,198
aerial_image_00000140J4.png,321,219,367,246
aerial_image_00000129P1.png,166,139,198,171
aerial_image_00000078B2.png,325,164,356,189
aerial_image_00034791G1.png,355,308,384,334
aerial_image_00000107P1.png,276,322,318,342
aerial_image_00018592H7.png,262,253,303,276
aerial_image_00000266Q2.png,256,123,313,156
aerial_image_00000078P1.png,330,241,359,275
aerial_image_00000139T3.png,232,153,252,183
aerial_image_00000050Q2.png,244,299,288,325
aerial_image_00000232N1.png,120,369,144,403
aerial_image_00000232N1.png,275,217,301,242
aerial_image_00000129Q2.png,266,202,304,216
aerial_image_00000031Q1.png,365,180,400,218
aerial_image_00000202J4.png,180,205,212,262
aerial_image_00002998H7.png,238,143,288,171
aerial_image_00000073T3.png,163,316,204,345
aerial_image_00016741K1.png,216,201,246,233
aerial_image_00000143M1.png,138,328,185,352
aerial_image_00000179M2.png,338,154,382,182
aerial_image_00000040Z1.png,325,230,440,279
aerial_image_00000078Z1.png,402,90,432,115
aerial_image_00000060M1.png,257,140,310,165
aerial_image_00000107Q2.png,298,168,336,192
aerial_image_00000248Q2.png,238,333,268,421
aerial_image_00000069B1.png,303,124,323,163
aerial_image_00000071M1.png,299,135,320,181
aerial_image_00000084B1.png,143,334,162,362
aerial_image_00000273B3.png,183,216,201,258
aerial_image_00033965H7.png,298,187,330,213
aerial_image_00033965H7.png,382,95,410,135
aerial_image_00000241D1.png,362,117,400,157
aerial_image_00000169B2.png,258,240,304,275
aerial_image_00000113Q2.png,286,280,345,339
aerial_image_00006934F4.png,279,271,303,308
aerial_image_00034633H7.png,341,155,362,174
aerial_image_00015640F5.png,351,388,373,424
aerial_image_00000012D1.png,176,295,210,326
aerial_image_00018172J4.png,242,295,262,319
aerial_image_00006038J1.png,278,112,302,157
aerial_image_00000294J5.png,333,359,367,387
aerial_image_00000011Q1.png,268,190,328,263
aerial_image_00000198M2.png,275,283,315,319
aerial_image_00000152M1.png,313,225,341,257
aerial_image_00000063H3.png,247,207,296,251
aerial_image_00000149Q2.png,346,276,370,307
aerial_image_00000119M2.png,217,252,243,270
aerial_image_00022060A1.png,309,415,330,435
aerial_image_00000142H3.png,262,306,303,334
aerial_image_00000207M1.png,227,336,261,369
aerial_image_00000022P1.png,158,303,178,323
aerial_image_00000245D1.png,102,359,146,403
aerial_image_00000220B2.png,213,329,261,345
aerial_image_00000397S1.png,248,195,281,228
aerial_image_00000115B1.png,250,301,283,366
aerial_image_00022579L2.png,147,289,184,344
aerial_image_00020787H5.png,210,135,249,163
aerial_image_00000003Q1.png,296,294,321,327
aerial_image_00000176Q2.png,244,100,278,116
aerial_image_00000063M1.png,262,238,352,275
aerial_image_00000004Q2.png,235,194,286,278
aerial_image_00000101Q1.png,223,302,279,360
aerial_image_00000232B3.png,246,239,276,274
aerial_image_00000246Q1.png,317,9,342,54
aerial_image_00000024Q1.png,231,348,262,392
aerial_image_00081860K2.png,207,38,226,49
aerial_image_00081860K2.png,265,95,285,111
aerial_image_00081860K2.png,485,161,504,174
aerial_image_00012873F3.png,175,234,193,252
aerial_image_00000170H7.png,317,157,351,187
aerial_image_00000010G1.png,295,297,345,361
aerial_image_00000192B1.png,286,174,309,220
aerial_image_00010355H3.png,273,181,298,218
aerial_image_00000062Z1.png,126,139,181,173
aerial_image_00002513J4.png,219,330,271,351
aerial_image_00000108T3.png,185,208,201,223
aerial_image_00000189B2.png,111,300,139,344
aerial_image_00000189Q2.png,238,117,264,152
aerial_image_00000104G1.png,126,206,167,228
aerial_image_00000152T1.png,212,345,232,369
aerial_image_00000025H6.png,238,344,262,364
aerial_image_00000042B1.png,200,212,214,237
aerial_image_00000070Q1.png,209,103,251,166
aerial_image_00000087Q1.png,258,234,283,260
aerial_image_00000144B1.png,211,205,236,234
aerial_image_00001305H3.png,100,220,168,259
aerial_image_00000221R1.png,273,370,322,458
aerial_image_00000100Q2.png,233,198,282,222
aerial_image_00000197M1.png,178,297,216,337
aerial_image_00000041H7.png,335,125,385,158
aerial_image_00000189M1.png,327,140,375,181
aerial_image_00000282H1.png,217,298,241,330
aerial_image_00000115P1.png,192,306,236,330
aerial_image_00000097F5.png,162,171,203,254
aerial_image_00000305H3.png,124,133,166,155
aerial_image_00007141D1.png,314,128,352,160
aerial_image_00000015Z1.png,121,166,191,233
aerial_image_00000161V1.png,244,295,277,323
aerial_image_00000198P1.png,169,221,190,239
aerial_image_00000059D1.png,265,148,291,183
aerial_image_00018134J4.png,330,240,354,266
aerial_image_00000159G1.png,292,163,342,189
aerial_image_00000172B2.png,170,165,218,189
aerial_image_00020266D1.png,314,110,348,149
aerial_image_00000120Q2.png,219,329,248,358
aerial_image_00000127D1.png,258,320,288,370
aerial_image_00000266M2.png,212,224,240,270
aerial_image_00000135Q2.png,199,166,229,202
aerial_image_00000427H3.png,110,349,149,385
aerial_image_00006771G1.png,185,379,202,413
aerial_image_00000056E1.png,128,142,227,196
aerial_image_00000150P1.png,176,302,216,350
aerial_image_00017537T1.png,208,276,239,327
aerial_image_00005851J1.png,154,208,184,250
aerial_image_00000265Q2.png,64,196,104,256
aerial_image_00000009T3.png,229,290,260,328
aerial_image_00015000U2.png,362,-24,422,68
aerial_image_00015000U2.png,197,415,225,472
aerial_image_00015000U2.png,237,188,261,244
aerial_image_00000031B1.png,283,168,312,213
aerial_image_00000067T3.png,175,135,205,163
aerial_image_00000154A1.png,392,267,422,303
aerial_image_00000170T1.png,338,293,356,339
aerial_image_00000026M2.png,129,148,176,176
aerial_image_00000138Q1.png,353,281,383,318
aerial_image_00000208D1.png,196,111,241,158
aerial_image_00003700E1.png,179,462,217,491
aerial_image_00003700E1.png,229,123,268,149
aerial_image_00000017B2.png,214,402,253,434
aerial_image_00000163B1.png,177,177,203,211
aerial_image_00000017Z1.png,281,127,329,202
aerial_image_00031043H6.png,132,185,183,217
aerial_image_00000195M1.png,283,278,332,299
aerial_image_00000189Z1.png,200,305,233,353
aerial_image_00000255Q1.png,273,301,303,340
aerial_image_00000168P1.png,330,151,381,181
aerial_image_00000025B2.png,320,307,401,372
aerial_image_00000052R1.png,163,343,217,389
aerial_image_00000158V1.png,130,186,187,211
aerial_image_00001765H1.png,360,197,385,222
aerial_image_00000056M2.png,402,266,431,329
aerial_image_00000076M1.png,245,159,274,193
aerial_image_00000140W3.png,333,282,354,304
aerial_image_00000179Z1.png,311,203,333,251
aerial_image_00017570J4.png,306,262,328,296
aerial_image_00000048Q2.png,168,118,206,149
aerial_image_00026829L1.png,275,192,310,240
aerial_image_00000227M1.png,179,153,226,174
aerial_image_00000153B2.png,326,217,370,250
aerial_image_00000198D1.png,339,245,368,270
aerial_image_00000166D1.png,184,289,219,334
aerial_image_00000272B2.png,369,326,393,343
aerial_image_00007656X1.png,251,307,276,333
aerial_image_00000049Z1.png,270,266,295,302
aerial_image_00000017M2.png,205,126,237,182
aerial_image_00000095M1.png,293,183,329,204
aerial_image_00000162Q2.png,351,257,423,280
aerial_image_00000274M1.png,311,354,339,378
aerial_image_00000134B1.png,145,383,166,404
aerial_image_00000028P1.png,283,364,316,391
aerial_image_00000079D1.png,285,82,323,134
aerial_image_00000272W4.png,187,213,222,264
aerial_image_00000190N1.png,306,124,352,153
aerial_image_00000027P1.png,261,134,366,184
aerial_image_00000206D1.png,291,302,330,363
aerial_image_00000443E1.png,364,310,389,341
aerial_image_00000095D1.png,123,179,165,216
aerial_image_00000244D1.png,285,217,316,266
aerial_image_00000128H1.png,148,128,184,149
aerial_image_00000026V1.png,220,129,252,160
aerial_image_00000011V1.png,363,174,407,215
aerial_image_00000059H6.png,352,261,405,296
aerial_image_00000061B3.png,307,170,326,233
aerial_image_00000044H1.png,343,303,394,346
aerial_image_00000044H1.png,334,406,396,453
aerial_image_00000246Z1.png,288,76,338,100
aerial_image_00000100B1.png,241,225,263,250
aerial_image_00000235Q2.png,171,228,200,258
aerial_image_00000133H6.png,182,303,231,334
aerial_image_00000172P1.png,254,249,280,287
aerial_image_00000006M1.png,179,341,210,387
aerial_image_00000177P1.png,119,306,143,335
aerial_image_00000033Q1.png,295,228,323,257
aerial_image_00000070Z1.png,331,293,351,326
aerial_image_00000070Z1.png,168,304,193,350
aerial_image_00000034J5.png,130,283,168,310
aerial_image_00000148G1.png,171,200,219,226
aerial_image_00000129T1.png,324,191,344,216
aerial_image_00000012H7.png,97,246,117,264
aerial_image_00000151Q2.png,314,156,348,234
aerial_image_00000254Z1.png,324,122,372,161
aerial_image_00000126M1.png,178,309,223,370
aerial_image_00028337H3.png,215,284,247,300
aerial_image_00019624J4.png,184,264,247,297
aerial_image_00000152Q2.png,186,82,235,136
aerial_image_00000069T3.png,282,164,309,220
aerial_image_00014791W1.png,375,363,392,384
aerial_image_00000015P1.png,168,254,232,282
aerial_image_00012987D1.png,282,219,326,259
aerial_image_00000024M1.png,299,282,349,365
aerial_image_00000090B2.png,102,360,173,398
aerial_image_00018151H3.png,175,297,208,331
aerial_image_00018151H3.png,124,322,162,342
aerial_image_00018151H3.png,96,341,142,362
aerial_image_00000228B3.png,377,263,398,295
aerial_image_00000034Q1.png,283,261,313,305
aerial_image_00000195Q2.png,139,316,201,332
aerial_image_00000240M2.png,264,329,315,350
aerial_image_00000341D1.png,275,239,304,276
aerial_image_00033838A1.png,310,314,330,336
aerial_image_00000227B2.png,239,211,291,248
aerial_image_00000180M2.png,244,315,284,339
aerial_image_00000119Z1.png,292,126,313,166
aerial_image_00000004V1.png,142,452,195,493
aerial_image_00000004V1.png,229,337,256,362
aerial_image_00000007H6.png,267,202,335,239
aerial_image_00000012B1.png,147,153,185,216
aerial_image_00083191W2.png,177,324,203,367
aerial_image_00000005N1.png,223,308,261,341
aerial_image_00018358J4.png,253,205,281,241
aerial_image_00000061H1.png,206,183,241,210
aerial_image_00000015Q1.png,110,162,162,255
aerial_image_00000058B3.png,217,329,244,375
aerial_image_00000055R1.png,324,271,347,288
aerial_image_00000269M2.png,205,291,237,319
aerial_image_00009947N1.png,198,276,241,300
aerial_image_00000018B2.png,190,178,226,217
aerial_image_00000018B2.png,284,203,328,243
aerial_image_00000064B3.png,166,227,204,277
aerial_image_00034756H5.png,323,331,379,380
aerial_image_00000015Q2.png,219,370,269,402
aerial_image_00000068Q1.png,350,248,374,273
aerial_image_00003147H7.png,308,259,366,289
aerial_image_00000008Q1.png,346,194,418,297
aerial_image_00000133M2.png,303,212,357,233
aerial_image_00015389T2.png,349,174,372,219
aerial_image_00009304D1.png,364,131,402,192
